FEATURE,DIFF MEAN,P VALUE,T VALUE
user_verified,-0.33486265259395942007,0.00000000000000000430,-8.69855649308725098479
text_num_caps_digits,+0.32850846980519771146,0.00000000000000001817,+8.53143813421943164599
text_num_caps_digits_exclam,+0.32037628909185467130,0.00000000000000011032,+8.31773186198049252482
text_num_caps,+0.28434178408325488929,0.00000000000018982640,+7.37300603310724245176
text_num_caps_exclam,+0.27639194149561913116,0.00000000000087281045,+7.16504376471533177551
text_num_digits,+0.27233724676713788604,0.00000000000186958317,+7.05903629667134602244
user_screen_name_has_caps_digits,+0.26228598868813657319,0.00000000001178100595,+6.79642373214002759596
user_screen_name_num_caps_digits,+0.22517250022978960167,0.00000000588121100628,+5.82872389377630195639
user_screen_name_has_caps_digits_underscores,+0.22051846359314025703,0.00000001201798678693,+5.70757823906140782100
user_screen_name_num_caps_digits_underscores,+0.21631835388687753463,0.00000002262544180715,+5.59828483311374114351
user_screen_name_has_caps,+0.20699666760347879002,0.00000008838704498429,+5.35583999643755248599
num_urls_is_nonzero,+0.19375182968620113799,0.00000055546626709527,+5.01163152209929929626
num_urls,+0.19275906031877612645,0.00000063457724714638,+4.98584368834203406351
user_screen_name_num_caps,+0.17773751348283250984,0.00000439979639098320,+4.59584925458091486661
created_at_weekday_sun_mon_tue,+0.17620279987247489117,0.00000531821008238821,+4.55602496819362734470
user_screen_name_num_caps_underscores,+0.16849613144738301296,0.00001346469570402121,+4.35609937975342464966
user_screen_name_has_caps_underscores,+0.16148149252878940541,0.00003033387736915433,+4.17420324343184212523
user_screen_name_has_digits,+0.15511861447632552258,0.00006165950921821625,+4.00926857794722035777
user_description_num_exclam,+0.15095065342011762533,0.00009675917875963300,+3.90125937312726689399
user_followers_count_per_day,-0.14251316888504605984,0.00023286248761311855,-3.68267912363658433961
user_screen_name_num_digits,+0.13311091851101999883,0.00058745594493451049,+3.43921080298013759347
user_listed_count_per_day,-0.13157181553158750487,0.00067990384942370275,-3.39936627344607478207
user_friends_count_per_day,+0.12945232881440635331,0.00082945532326780716,+3.34450116411636821923
user_followers_count,-0.12628884597002143497,0.00111016076037015942,-3.26262062404897568157
num_media,-0.12601849950871957251,0.00113783067671653117,-3.25562375641857704167
created_at_hour_18_to_00,-0.12511174536841593308,0.00123535800778445037,-3.23215653947273517943
num_media_is_nonzero,-0.12505418201077539431,0.00124180263026520891,-3.23066680373507431057
user_description_num_caps_exclam,+0.12190114358165649033,0.00164608597263901277,+3.14907190631085232013
created_at_hour_08_to_17,+0.12181730258185527460,0.00165832748771026347,+3.14690240045717795070
text_num_swears,-0.11563927199591431116,0.00282836836204724152,-2.98705738725803726652
user_statuses_count_per_day,+0.11529288891143189832,0.00291226034527856774,+2.97809653918360162095
user_description_num_non_a_to_z,+0.11494325324903310881,0.00299923689022872598,+2.96905167098084632471
user_description_num_caps,+0.11451246165978520852,0.00310965737703582275,+2.95790751662524042942
user_description_num_non_a_to_z_non_digits,+0.11450775204383316364,0.00311088476024148431,+2.95778568452991841298
user_description_num_caps_with_num_nonstandard,+0.11436899441480700979,0.00314724544039675846,+2.95419620171281405163
user_profile_use_background_image,+0.11084096366557143198,0.00421215183874502387,+2.86293698424922649082
user_screen_name_num_digits_underscores,+0.11056087351515911377,0.00430932407291492996,+2.85569244490447982088
user_screen_name_num_weird_chars,+0.11056087351515911377,0.00430932407291492996,+2.85569244490447982088
user_listed_count,-0.09905469768136185293,0.01054790630598751063,-2.55814851799028275536
user_favourites_count_per_day,+0.09895802447308235661,0.01062387878845053209,+2.55564910399146461017
user_name_has_weird_chars,+0.09453468128618650046,0.01466390719685074090,+2.44129540958591695343
user_name_has_underscores,+0.08992988744215774100,0.02025241432449593690,+2.32226803187070451884
user_name_has_digits_underscores,+0.08589810498850036780,0.02658832483519989187,+2.21806595394656191900
user_description_num_nonstandard,+0.08409640473591906140,0.02993281139725200921,+2.17150471079279405728
user_friends_count,+0.08304410389605655640,0.03204874419941486363,+2.14431126773140645625
user_default_profile,+0.08037606224880716743,0.03799576178479912442,+2.07536761980416706308
created_at_hour_of_week,-0.07944833966495806754,0.04027251939954344662,-2.05139594789903911831
user_created_at_delta,-0.07819552182491791570,0.04352982368808189229,-2.01902500329266976209
user_statuses_count,+0.07673465394441032761,0.04760632681384598108,+1.98127971414701287145
created_at_weekday,-0.07436601060722848600,0.05489567292437259188,-1.92008274514383447951
user_name_has_nonprintable_chars,+0.06809403252129539452,0.07878999542386135035,+1.75805542736152742300
user_favourites_count,+0.06804661046655474665,0.07899865235454697765,+1.75683044059637549772
num_mentions,+0.06482263330321585970,0.09427154344597162006,+1.67355310232788268010
text_num_nonstandard,+0.06313337216835400445,0.10317168793059404430,+1.62992081178350156634
tweet_id,+0.06304995082917001781,0.10362794925576854221,+1.62776614526509466607
user_screen_name_has_digits_underscores,+0.06063933552245386049,0.11751832452650237681,+1.56550467540210913597
user_screen_name_has_weird_chars,+0.06063933552245386049,0.11751832452650237681,+1.56550467540210913597
user_description_num_nonstandard_extended,+0.05402165264402668948,0.16318955311498115068,+1.39459840311684035719
user_name_has_caps_digits,+0.05337780511968100855,0.16826434210917781686,+1.37797173956970309128
num_mentions_is_more_than_2,+0.05234338425320303467,0.17666424979961575792,+1.35125934836062966404
text_num_nonstandard_extended,+0.04855331263981357143,0.21011337294653809060,+1.25339046584546021101
user_name_has_caps,+0.04582215047664466023,0.23690878845441876166,+1.18286902094478341141
created_at_hour,-0.04514084602497459714,0.24395385387751294948,-1.16527750571188248863
user_name_num_digits_underscores,+0.04356527549971106472,0.26080589854854979714,+1.12459643139452292182
user_name_num_weird_chars,+0.04263288763544760551,0.27114939598233323004,+1.10052271785550215277
user_name_num_nonprintable_chars,+0.04176956098011016388,0.28097418974511001455,+1.07823241430012117803
user_name_has_caps_underscores,+0.04063264084496266693,0.29427702016733714441,+1.04887859280968775977
user_description_num_digits,+0.03975615119831630434,0.30481632729323121511,+1.02624906765249090945
user_name_has_caps_digits_underscores,+0.03942145614965842509,0.30890613237491137966,+1.01760786133149405686
num_hashtags_is_nonzero,+0.03764560506308138599,0.33121019136142093586,+0.97175931427093664716
user_name_num_digits,+0.03600145762947921935,0.35276549231467313472,+0.92931199236783879059
user_name_num_underscores,+0.03334159017267016717,0.38946950124127421855,+0.86064338750958002677
geo_coordinates,+0.02914732733574475904,0.45186097138484271341,+0.75236611853918100579
num_hashtags,+0.02914732733574475904,0.45186097138484271341,+0.75236611853918100579
user_screen_name_has_underscores,-0.02889750714864568193,0.45574730213312364402,-0.74591701711352520476
user_screen_name_num_underscores,-0.02755230913412306734,0.47699401643818417629,-0.71119103453839893625
retweet_count_per_day,+0.02679225724906955305,0.48923423972190327458,+0.69157066139583278641
retweet_count,-0.02474708987471913382,0.52299328861291960457,-0.63877631348583419069
user_name_has_digits,+0.02243861643989533000,0.56248580648111279334,+0.57918601693206117620
user_name_num_caps_digits_underscores,+0.02101363535765295165,0.58756178677826875756,+0.54240247783598560805
user_name_num_caps_underscores,+0.01566177392658273104,0.68603906159413663435,+0.40425612076874867240
user_default_profile_image,+0.01405991529310672734,0.71668622458125308405,+0.36290854037302983093
text_num_exclam,-0.00909481531089682826,0.81441095787411010853,-0.23474997021671648034
user_name_num_caps_digits,+0.00900866819229034256,0.81613728320399336891,+0.23252637146262444823
user_name_num_caps,+0.00290650440159976979,0.94020082866916820930,+0.07502065006393934810
